label,pos1,pos2,pos3,pos4,pos5,pos6,pos7,pos8,pos9,pos10,pos11,pos12,pos13,pos14,pos15,pos16,pos17,pos18,pos19,pos20
1,0.06732066363199007,0.13765836349865143,0.20073601716967956,0.24976167158997514,0.16927119256493947,0.2562093211875537,0.3011107580198275,0.33236360282486854,0.15004761866913843,0.24883211847794767,0.3005061579068479,0.33639023046716754,0.12824040785185406,0.21790666084265342,0.26963094475875454,0.30591255929323047,0.10727427567860101,0.17908465360974807,0.21690358339539578,0.24816128561732376
1,0.07911068664711379,0.16045899281403841,0.22940559222317217,0.2749124734452823,0.19678654701343187,0.2940108079642752,0.33972716260883284,0.36826251128000864,0.1817330010317751,0.29134970865822435,0.34428937015844024,0.3780123471596185,0.1600155998943426,0.261279890274244,0.3123743874719654,0.34611314369679214,0.1356211378111249,0.21503059065882021,0.25525924701300595,0.288101946437533
1,0.06951424459846564,0.13413717579923998,0.1897195720746058,0.22447430719624736,0.1762758431696389,0.2683770261035245,0.31731463367598806,0.3522910856285593,0.16301907801826399,0.2683120275733786,0.3276017931168386,0.37060823834227336,0.14481341525378863,0.2442721289976803,0.3017053817459539,0.3432743643025872,0.12432514096927086,0.20403992886150982,0.24575281653815753,0.2810285613911919
1,0.060330771322691434,0.13105887565255386,0.19482669954213983,0.23727535069796782,0.18168226829731635,0.27595926100184726,0.3260630842883254,0.36028798942048196,0.16537633350954328,0.2713494137787637,0.3285718991733626,0.36763505651804984,0.14389099002340305,0.24047662292411182,0.2979588933176299,0.3399629657041114,0.12157501525804823,0.19941201742617182,0.24105882860058078,0.2754563028306392
1,0.06641206040802902,0.14108958751063616,0.20502315185014405,0.24569640309835392,0.18365676006514975,0.27467400450128554,0.32119535917635084,0.3521636943163467,0.17138566616980666,0.27698280344884757,0.3357096338296584,0.37540938660343737,0.15391449339485538,0.25138296179115555,0.30922712132386804,0.3487730173701272,0.13372111239042742,0.21497720078899055,0.2565020124754868,0.29040469217186626
1,0.057748704257149654,0.10466600505443016,0.13018397826984668,0.15670364180532229,0.13054720537255887,0.19912696313820497,0.23373308323464834,0.257545179519196,0.11318708041893095,0.1923780316716458,0.23156444775720542,0.25380744031465136,0.09902334128428429,0.1631375733588135,0.20014958784019313,0.23008092802732538,0.09374022435707018,0.12882983642424234,0.1534445441241887,0.17584785060685276
1,0.07859500372525811,0.15454363052951797,0.21529586649528715,0.26386175293909114,0.1813896309175524,0.28858096067587935,0.3463567905867953,0.3869889407435533,0.16144043997248508,0.28271685829028037,0.3463897547798792,0.39292145874582013,0.1408043093306477,0.2502226102516945,0.30994372255808017,0.35144312668656896,0.12231646768316083,0.20777095666865128,0.24967630112872605,0.28345350646709555
1,0.08412667212230868,0.1658846219843352,0.2289206920391282,0.26388247590815733,0.20204043358404472,0.3063656249758817,0.3599782131018856,0.39852063821473604,0.1843914781562158,0.3008593685630678,0.3637944438514006,0.411049303224241,0.16228413526841667,0.27170907502764136,0.33368872854930487,0.3762749294186933,0.14008629436010386,0.22973893778563306,0.27458966723477357,0.30807402679876306
1,0.08708488254879637,0.15987480636384013,0.2197517915316437,0.25665877296761413,0.1918757240459307,0.2964933619720232,0.3510381851137371,0.3923924810969476,0.17163234250659087,0.29086178705224747,0.3546167729808434,0.40297055421454103,0.1492797276979832,0.2575604739837103,0.31904974786342816,0.3636511151709194,0.12938745481404645,0.2135365201064771,0.25948768787395243,0.2968885021043014
1,0.07158690521790075,0.13648006919216,0.18933702492485707,0.22022937421418576,0.17921202104863493,0.27091296312739516,0.32151853835707733,0.35517911584415046,0.15984767159051483,0.26311531298049357,0.32408404822698106,0.3670599650498857,0.1333778486063049,0.23069626239588467,0.29013321737019937,0.32910259675695636,0.10878558324353176,0.18843113760546873,0.2315524066799177,0.26508873936758726
1,0.05944510133095776,0.11806027893197106,0.1731307125383329,0.21107101968985567,0.1508319890939652,0.24400710878172624,0.29245495647429387,0.3231818330965794,0.1455679960042076,0.2504302062999366,0.30907322542056886,0.35202636383033364,0.13581148492940306,0.23091002215729176,0.2835087652373682,0.319572814092516,0.12474983175217376,0.19812655049579894,0.2361212072467112,0.26883365245372987
1,0.06893747894734457,0.13967527234262825,0.20443654291879895,0.2512047516577576,0.17866799733043343,0.2785970388662885,0.3277939002970816,0.36001758264781686,0.17120942966616623,0.2823347166113092,0.33974312345927954,0.3763937177524084,0.15825501383804572,0.26108502496389374,0.3153159647097046,0.3479598134018698,0.14285770006557116,0.22424436504345274,0.2651283724219325,0.2938497996516891
1,0.05347533169960126,0.10948458652582523,0.1622781537300775,0.1993625799342844,0.14539920949955795,0.23213124804988935,0.27783839611605315,0.310924027849075,0.14096093736603074,0.23892580411472358,0.2964274084619713,0.3373001138856736,0.13055127815854736,0.22180157292738104,0.2765410160072076,0.31496018799248005,0.11706304162381793,0.19274262126234043,0.23334505395493074,0.2661580088535333
1,0.05497337930049142,0.11136017316743728,0.1646683961161787,0.19989972352255606,0.15590548172336371,0.24502537478598632,0.291823906243814,0.32522971898152353,0.15439753126508238,0.2508615149907149,0.3071330376151523,0.34616573573695136,0.14603956417290292,0.23582885108848087,0.2887786340819863,0.32419058551067287,0.13436731586823203,0.21111621197983713,0.2510669079543381,0.28211779270929194
1,0.053440999176235654,0.10854273625088233,0.16119007849834,0.19839768823918455,0.1489247071479884,0.24202162249941267,0.29104181333118345,0.32719337162398116,0.14840607416616425,0.2507983783587505,0.3107841052374227,0.35321460035906355,0.14101956128543644,0.23384583170598883,0.2905272697306612,0.329869056842778,0.1295745570358498,0.20724201925204142,0.24896627138695673,0.2819665765204998
1,0.05471480039979324,0.1231242879576604,0.177172004514251,0.2104934151150498,0.15490261119096527,0.25900836324994897,0.3126375868525381,0.3503193695370565,0.14146762380964684,0.2578432572715022,0.3168393130479845,0.35513741161847995,0.12835246796196478,0.23099997455993768,0.2870305435505092,0.32377254443635783,0.11683857323197723,0.1963214297090124,0.23654346647255262,0.26955560806646456
1,0.06588499786444459,0.1314782835960166,0.19141842467566128,0.22486520804052404,0.16913517285261567,0.2790035089018465,0.33342388952719315,0.37185193141946504,0.1588146598977675,0.28206728517203716,0.3490736977217224,0.3952017823512464,0.14706959896906416,0.25811890026071765,0.319636574073648,0.3616732758186935,0.13774309864241727,0.2237355293261605,0.27328991340845876,0.31144905307031284
1,0.07094600906679457,0.1432695945983175,0.21160077137494962,0.2566300250806615,0.18922829379053363,0.30283425466228114,0.361698297383326,0.4050964540778437,0.18525202746932887,0.3090862071217,0.3786283796964647,0.43003541835802384,0.17313516945111437,0.286957421101289,0.3496030372496329,0.39267234909305404,0.15781230763913032,0.24587933360528758,0.2932942403419863,0.3316475993460008
1,0.06385251754487066,0.12440382252760657,0.18123396378477188,0.2186856696050749,0.1768352090451579,0.28472304865400827,0.3430408988340575,0.3845959482739443,0.17529716965001635,0.2912937313714406,0.35907174179680984,0.40986380646497267,0.16489182364767896,0.2702287712983708,0.3356923819054783,0.3839264939038736,0.1495873421304106,0.23373055876775686,0.2786487161583406,0.3166312848792825
1,0.06694141861718247,0.13877140906230323,0.20454036752000712,0.24281351680845853,0.1917521017718528,0.30474926851040746,0.3647961980468792,0.4091721778902981,0.18904547466860058,0.31579411169107313,0.3873610922741188,0.43918319865046324,0.1778891263230208,0.2959526913568424,0.361210753115274,0.4063714971525396,0.16315494870128444,0.2586601469160398,0.30650601965486085,0.3451747548008374
1,0.08312462826687377,0.1714579723081391,0.25983353446384627,0.3173185430265253,0.2495315483580906,0.39435434169951833,0.4674061637738296,0.5195423637219057,0.236339102698374,0.39797125078005385,0.4873866281781222,0.5498133999156953,0.218667669573163,0.3676894079975681,0.4550005884065217,0.5168035158854839,0.20064773138089861,0.3189266853631371,0.38938462662282447,0.44606248474559335
1,0.08660912116234509,0.18023374562674446,0.26721719251572656,0.33854373234195956,0.2528831934314082,0.3931680754600267,0.4719147863641081,0.5321436955174418,0.24156931407384796,0.3961425798782935,0.4932072368608753,0.5642353794263858,0.2178125779707094,0.3615354646563581,0.4555385855399677,0.5232676919618924,0.18829457423480153,0.311221574568308,0.3817774298378,0.4399605344230853
1,0.0718651101567407,0.14362238793772,0.21377689995698687,0.26820308173865615,0.19579609648494825,0.3109676280861489,0.3736570995452403,0.4212174279505661,0.17760945658248126,0.3095027595092304,0.3868307571141394,0.4499734750124756,0.1530954172658937,0.27151528478803977,0.345030453405061,0.40174255735127185,0.12929061594285052,0.22433453061111425,0.27651396453533283,0.3208225290712605
1,0.09071791613618059,0.18126058744467588,0.26837456955904315,0.34205747101060946,0.2306366366211859,0.36951812877611256,0.4409601973403919,0.49465152042467797,0.21196180052125552,0.3662726645711288,0.44786770687025756,0.5139800157000141,0.18969826709223553,0.331085977274803,0.4107737311514524,0.4690139106604646,0.16788612807696243,0.27829587330002187,0.332624041657872,0.3798587993974401
1,0.07568203578072863,0.15355671906456697,0.2290664864633241,0.29979413365012697,0.19137802188860661,0.30752968765794775,0.3727031395470369,0.42281101115039066,0.16925512214814212,0.299499105659084,0.37041213876613893,0.42451948207432183,0.1474911572927543,0.2634750283009635,0.332902741856957,0.3862334838796824,0.12786221705020404,0.2148366581819555,0.26375814701482087,0.3064768940001772
2,0.07147542008784682,0.13089756247061723,0.16313156891318098,0.17548338537948535,0.16001905454732632,0.2480299017734839,0.2978464352728224,0.32960912886904414,0.13848611835395522,0.18459903239283218,0.1674792472489937,0.14507044730677754,0.11371412248163641,0.15337613340425255,0.13789743870240675,0.11484794646171109,0.09412141215652924,0.12407398871408368,0.11121651472020648,0.09293460657480043
2,0.08726107634664267,0.15381840974698938,0.19455625378056676,0.21662752117849976,0.19041477033033619,0.2872684107316721,0.34007842414500017,0.3761619984130776,0.17181783092102298,0.22927818983769616,0.2124551303589733,0.18758967012081498,0.1482043438943334,0.18923539452776741,0.17143729980765388,0.1466973283055742,0.12787605957980142,0.15780684064694028,0.14104365633718488,0.12228602551650185
2,0.08268558402545705,0.13924790102226972,0.18003863914553989,0.19953620560878368,0.18244098640176476,0.2529750350223735,0.2998298122115494,0.33518371149488285,0.17192943470411778,0.19912479535284128,0.17867390754609672,0.16016632828543623,0.15234003413831687,0.17139728233316276,0.15361253585864904,0.1364262358195182,0.13201308801975167,0.1552277906105459,0.13802665887239313,0.12062246695263024
2,0.07845256287402343,0.13826009656747942,0.1765149858504226,0.19063292008973615,0.18810690030213006,0.26450277229318253,0.31123194514096136,0.34562963550390335,0.17818346203306454,0.19541370110430822,0.1684242949410207,0.15153466751305597,0.15775458377962753,0.16936178612905808,0.1429105285690994,0.12645839557876376,0.13791580727168518,0.14926153654041058,0.12366366232714465,0.10813122563857698
2,0.07335687942984964,0.13059019399103566,0.16950785344148722,0.18534342945852408,0.18185175705057993,0.26900793866583894,0.3203327020959735,0.3583756370448364,0.1685688731566611,0.20903091626819395,0.17576838044066173,0.15877200073350564,0.1484448675001944,0.1836617925688656,0.1511756501825078,0.13389731616875,0.13058343660266655,0.160674859922065,0.13222760321333932,0.11397602192493854
2,0.05892926917490862,0.09537581862921722,0.10892253082898684,0.11729837054120394,0.12179281952364959,0.18554767546510562,0.21420636803604323,0.2281854548383885,0.09742588223042614,0.13447221111688304,0.1177345460514719,0.10857084059531588,0.07417691251439759,0.0986910591286457,0.08565352146288704,0.0791906476937199,0.06170877385303599,0.07758750096451093,0.07478647248759766,0.0776597018484637
2,0.07714653876980394,0.13538314595661785,0.15107807591626182,0.1451558823538467,0.16543118556214728,0.26554044741103305,0.3214486919987821,0.36088273815019817,0.13731627654739365,0.19330894872220378,0.16110647261156916,0.1316940591752586,0.11248773187936052,0.15206412311454634,0.12606559027747463,0.10539023297223192,0.0985803221759515,0.12257729849589004,0.10617438570791601,0.0938976954543644
2,0.08420328009476034,0.13912150089510475,0.1686422917679146,0.17871873430104857,0.18957394420592902,0.2901039429214893,0.3521282502763374,0.39720130953300636,0.1651308878117235,0.20851944052298418,0.17408326464230323,0.1495937899190228,0.13869610504476604,0.17727525485821322,0.14566800898257196,0.12468501033144269,0.1186231448430977,0.15368871534093148,0.12642522488092492,0.10580379518584504
2,0.09471775214042126,0.15641923951720688,0.19006839882524246,0.19892159969341042,0.20929705558196252,0.3081992802796856,0.3672174264682798,0.40893329360015696,0.18552026904879756,0.23079983612796645,0.20177667121438705,0.1829701232267142,0.15892444351153157,0.2046507212319706,0.177805326343669,0.15603737840179924,0.1365241585776607,0.18461480853425727,0.16198740639757056,0.1399706130616438
2,0.07889375617795458,0.13671692347984804,0.1707886357515697,0.18027044809264425,0.19830542499529455,0.291805642946743,0.3474822699043889,0.3898991573272263,0.1789209384313963,0.20134001475926339,0.17302255293429977,0.1567233491335503,0.15135692556454217,0.17645674582776283,0.1518829304761359,0.1347953566112183,0.12567204631972406,0.16034902488296573,0.13808826838751237,0.1198226087393198
2,0.05732599462745293,0.11034722888146528,0.15406578969614185,0.17837608764191124,0.14396619545123435,0.22473861619983942,0.2747244100458437,0.31050708764014806,0.13730865333013123,0.20859797855279463,0.1982556589174388,0.17826456251506106,0.1250483055423573,0.19138395208552883,0.18281097782231262,0.1647441297883786,0.11064082585397231,0.16397176643967745,0.16222141937162815,0.15087289102027485
2,0.07004191704046572,0.13267545357782465,0.17791553322589013,0.19631155239227477,0.16151819443704324,0.25157908422530506,0.3021698832575912,0.34012331002788876,0.15919969180935625,0.2475538984738148,0.23106661583416357,0.2087434683708431,0.15193974119280815,0.22726141708746686,0.20966498716313337,0.18611769059822425,0.14191858125118934,0.20058528480475118,0.1889673813374441,0.16898950440688154
2,0.06232327124249051,0.1149507460660184,0.15278293388915576,0.17312730615972596,0.1534320959825273,0.24509101650583104,0.2960286357523451,0.3332605213954262,0.15151110735920073,0.2366079205340085,0.21742312576130896,0.19184372585461507,0.14354972431301893,0.21658015297896985,0.19408010639023346,0.16866048384915386,0.13322274075853216,0.19368374228265492,0.1770994598305672,0.15433923438649724
2,0.06671903525941554,0.11866336348332393,0.15640040128688598,0.17921357904075252,0.1614749962143073,0.24925344071735453,0.2992241920506948,0.3348767349461089,0.1601508709943646,0.23693074683412466,0.2169799431796931,0.1948958549463397,0.15291914421528596,0.21967133618422907,0.19535297447748587,0.17099364231916933,0.14264083759220028,0.20079415700978223,0.1830761539221574,0.1611289603657412
2,0.06720045283796776,0.12264790454312838,0.16069575180769205,0.18214417792118812,0.15814373780550148,0.24958233189361131,0.2963580916749666,0.32493255844215835,0.15606261184888076,0.24273888601843274,0.22134246180736955,0.1974695665674402,0.14808430263291042,0.22465510502490524,0.19728360071254136,0.17137735322360542,0.13793484918454596,0.1989813339216279,0.1772542975529618,0.15441033078957353
2,0.06969969898079034,0.1341092885205145,0.18079223214520543,0.20364018435088801,0.14936432102501537,0.23419320354709613,0.28717796728821604,0.32267018969274514,0.13257201669347995,0.2177980673412764,0.20137750007547642,0.16880957424013113,0.11805612101580995,0.18903030887663735,0.1688064504134239,0.1401195264169021,0.10897713051497099,0.15752347232734182,0.1456069497079554,0.12365984574492613
2,0.07466764445756048,0.13666314297120788,0.1848807368216818,0.2117136967044534,0.16848447284346357,0.2621394938921047,0.31896240110829505,0.35438596341873024,0.15083194088383547,0.2404272148233438,0.22094953697842717,0.1876306277313722,0.1338653533246346,0.20654164537073358,0.1858465742450473,0.1588294925221548,0.12125401646319044,0.1742791720650674,0.16466580205755202,0.14846440373113282
2,0.09606534922034762,0.1614081174136045,0.20838529523867902,0.24561162021961058,0.1939193438715339,0.29488361173868544,0.3516962801580733,0.39041653124937004,0.1863317368650066,0.2923425706291736,0.2808349756897278,0.2602764265973437,0.17760039089728527,0.2671847348586334,0.24567578758871558,0.21763503622454253,0.16960892454359658,0.2381896630787017,0.22049601358770748,0.19609507779185528
2,0.06750444597218452,0.12186395722233212,0.16513820944812446,0.19511818362886083,0.16448326279983438,0.2618941180722285,0.3187033941307618,0.36070245103256404,0.16349786920186285,0.2647558094897412,0.252025803838782,0.2304157695056494,0.15630583488122782,0.2441852996701048,0.2221370340703398,0.1953315829693985,0.14593887423807736,0.20961697843908655,0.19214343859264774,0.1702580270633796
2,0.07482940640495638,0.1362678966960604,0.182709387383199,0.2183306834821177,0.17548693526759584,0.2736540604311758,0.3283990696137395,0.36636795995856175,0.16726073541363054,0.2654343722921934,0.25443320995258756,0.23233672488020599,0.15686011569149033,0.24132482746247721,0.22541094601416742,0.20067991568551083,0.1471829021105097,0.21089942151184657,0.20253663169397254,0.18369659148753656
2,0.06617226908455329,0.11523217079019392,0.14669498177893464,0.15372410898778274,0.20764930388838063,0.32184437820637546,0.4020246406753196,0.46539005734984573,0.20822478512495685,0.26410074077708245,0.225070086529093,0.19258410922021096,0.19376495558481135,0.24145271729612205,0.21002455812944448,0.1812120267883662,0.1800749227413538,0.2329841505569736,0.20538612609064053,0.17367713846255606
2,0.1130023618287621,0.19808783833940574,0.25336517019046556,0.2806127817968094,0.25641413772815713,0.33304891455794644,0.3936756441905065,0.4358982125930578,0.25604320663049107,0.30266812656558373,0.2831491326767447,0.2579210220409793,0.23573773956539784,0.27107798800860955,0.24962307005037432,0.22180813913205033,0.20895606122899932,0.2481404326297325,0.22704904738484374,0.20242300719188924
2,0.11945581390382487,0.22216469120062443,0.2925199876175567,0.3305512788821448,0.2924582794810709,0.42139729823324146,0.494410865085093,0.545248863541955,0.2748039939776227,0.34544143612455275,0.31437436732929064,0.2768034547161714,0.24543521521182618,0.30360881770557896,0.2736885339737132,0.23185727907550205,0.21567837507480236,0.27125094566868246,0.2520460837115142,0.22111120947656757
2,0.07722279023450347,0.16669458420965075,0.2426671724571135,0.3058811682404493,0.21145752285548275,0.3052477380090964,0.37593863060822896,0.4319987644853794,0.1873687318867854,0.22313403818370608,0.18093981625755337,0.14977758502696709,0.160943159199103,0.1869387666346719,0.15798771211374935,0.13513132230726257,0.14258264647972246,0.15962525453743118,0.1360663167971907,0.11758885097126363
2,0.022522285494788765,0.04665020639398177,0.06355118830965269,0.07388252445333358,0.06457534988646038,0.08905175748282208,0.08999545018090102,0.08476150203459835,0.06364572341855686,0.08857482896351246,0.08542428622455771,0.07561100810693162,0.059849507418846475,0.08326346640032005,0.07891921674230698,0.06867722037752083,0.05416654955110943,0.07344685760602111,0.0729347687454814,0.06796600732239445
3,0.03565068477573505,0.07077146267861459,0.09978885327212518,0.11504065204769884,0.11151487062628053,0.21050776062520068,0.2595235632471493,0.29444525657625,0.12558967649138877,0.24269255807888812,0.30203055701138787,0.34010446741198724,0.13178864276766797,0.23964884284420548,0.2934655578791002,0.3320063538253408,0.13166396765411195,0.2174596270025909,0.25748227058258855,0.28827468293308495
3,0.09037003957658196,0.1694425436427603,0.23054882177231362,0.2591745162472987,0.181992492106923,0.28799221962919863,0.3387115690643345,0.3745665940694306,0.16213204808126122,0.27928160898269444,0.33801803133459185,0.3822906491669587,0.14215005517813148,0.2520569995462113,0.30936521971836783,0.3495391849880608,0.12479509694019444,0.2075271861404005,0.24971055544766388,0.2837217310516647
3,0.07491124779807155,0.13281593004611297,0.16161783525432846,0.16071631525657337,0.17057150608298424,0.2721600046527563,0.32118757560917666,0.35712869242648987,0.15470500431492396,0.26836422677555694,0.3257835813303097,0.3687490697134689,0.1374795512301701,0.2423734404248165,0.2995958081980129,0.3415663767549323,0.12342448806287404,0.20511335633848662,0.24962492603295805,0.2866950458425746
3,0.06332919822028933,0.11651986248354504,0.1535413819462956,0.16406835364008862,0.1458546402922434,0.23371779712494975,0.277822292454668,0.31137955363663355,0.13560082040399749,0.23754854167416578,0.2927255156516258,0.33409882862684703,0.12175654560725944,0.2162230078618152,0.270574005368205,0.3089536951667345,0.10907291648633301,0.18520615841042876,0.22562757039325793,0.256496084217819
3,0.06551539166586134,0.12396413874040363,0.15887882719122956,0.17038071619580447,0.16346207897407738,0.2660890750696399,0.31589783003763117,0.34846094378396447,0.1515056843054538,0.27020203184035785,0.33037847118803876,0.37346664846742594,0.1380276625270831,0.24540971413901375,0.3035537262835181,0.3433028692005393,0.12765341026039068,0.2107109382589935,0.25745233409701634,0.2938151537510739
3,0.07843228442141129,0.1556373120815903,0.2157307386750265,0.2462601934867904,0.17086034953568435,0.26702852292335355,0.3264074461422841,0.36865544427157043,0.1479943346225085,0.1991978313393512,0.16829538625220514,0.13797799767060706,0.12373316940872713,0.17047824645501244,0.14440823718636103,0.11983361465454326,0.10840705797032989,0.14918383525185588,0.12758969571579765,0.1066496669987599
3,0.07191973046644728,0.15342290133342998,0.21513683099099423,0.24832049557250918,0.16665626903226607,0.2609800275167552,0.31352054393331735,0.34836358075319984,0.13984801172320885,0.1844371161590703,0.15031572715076003,0.12468561763942677,0.11320665774421394,0.15547033325159448,0.12860005173315436,0.10505825158112513,0.09809843350912577,0.12889236391547435,0.11085705867183711,0.09257734395058907
3,0.09339647750625059,0.17192433588476957,0.23648359483657763,0.2690190218794518,0.20540798001207236,0.29844864114297875,0.35662138685455375,0.400099895190785,0.18256290825225735,0.20892608087809753,0.18013979028934402,0.15802115637376365,0.1509031587781542,0.18201504342326136,0.15563785293206378,0.13385468206367804,0.1257128001234413,0.1676743671948002,0.14419576791952946,0.12224314411477324
3,0.09745982817657482,0.18419325497918937,0.25446159100345284,0.27849023800873224,0.2193455353106039,0.3147261195457722,0.37353284183455066,0.41659983923898575,0.2005816051867056,0.2372044535158198,0.20860107387355722,0.18426351018292086,0.17317069324616477,0.2079309780762526,0.18164384312561585,0.15721015836786953,0.14904306359171815,0.19264902028988232,0.1673235422452447,0.14100668216552872
3,0.08471192730484216,0.1651616652778248,0.23247595370681062,0.26083908180919246,0.2086713590863235,0.30144163939843216,0.3570370271187789,0.39921890275852606,0.19390189247414988,0.21007628249325486,0.18637333355095612,0.16661829702128805,0.16671573482934476,0.18427442991246162,0.16297374490857894,0.1430386405122091,0.13969563359832324,0.17115685857204926,0.1473614388216866,0.1253853120390306
3,0.06247978077109725,0.11076690241775525,0.14486139615471558,0.16006416959683953,0.14509093005593754,0.23379300914070164,0.28174843593637217,0.31429817959522216,0.1387877107358534,0.240148179822215,0.29200379453468356,0.32825186378869003,0.12950293765022836,0.2216230810826802,0.27020042038967407,0.30137325350546684,0.12028540055781471,0.19090919574864906,0.2269877167702755,0.2543174862229793
3,0.053584096995953984,0.09835974679831429,0.12875906863767161,0.1466120924607243,0.11308158788733799,0.1671118955345352,0.19307567411735166,0.2093063991395749,0.10587646658668474,0.1739629636872312,0.2138685189567055,0.23964101131810372,0.09985640011104764,0.15243032091589034,0.185752076184264,0.2125477229633681,0.09864153664663719,0.13006249136229592,0.15380636050951166,0.17185625301495608
3,0.05702979208967885,0.1116466706060651,0.14459424376356772,0.15239790867951164,0.15095951106724767,0.24385017859778813,0.28985228146212777,0.32290367021064725,0.14598196582622236,0.2506298605445254,0.30683787683909985,0.34717819384176235,0.13627578931387355,0.23078656872662026,0.28455346931994585,0.32197257397468876,0.12552248586008558,0.200958323556087,0.24227544114541827,0.2749068128853258
3,0.057736642143004675,0.10207759327906374,0.13737329141922827,0.16492027378161184,0.13574250293482223,0.22119031456013843,0.26421770226045893,0.29306232661260884,0.12997045812837582,0.2267144627196391,0.27778856183999595,0.3141083226404732,0.12281714607910657,0.2104366495397068,0.26069818727338384,0.2943810419226873,0.11677620361949965,0.18670494468510876,0.22691543568064274,0.25905961146353673
3,0.05777908380518686,0.10905081346236209,0.14431648306115158,0.15869168172228038,0.1440656676270702,0.23673181207537458,0.28334028196890065,0.3181228160328363,0.14081335415408822,0.24576719775032044,0.30320756363572593,0.3447564513544368,0.13517959637951837,0.23175045521912302,0.28681928439798693,0.3248242141036485,0.13029649449349423,0.2059092260921306,0.24636282879777321,0.2788942370776667
3,0.06686795612384194,0.1332826543540173,0.16918329600663295,0.18769357569600778,0.16554664133106353,0.26597413113687657,0.31241649448241166,0.3410218890095122,0.1506258174234433,0.26655443679060736,0.3212664203773413,0.34978732487958564,0.13330354621857535,0.23569093984198444,0.2838788740828512,0.30771881507054166,0.11543823201337051,0.19571718023619394,0.23479649330393815,0.2556127106685407
3,0.07404667288810139,0.14051684391488056,0.18995179435716644,0.2073367774906242,0.17277215424763642,0.2780369814499446,0.3325645291673231,0.3704493460554475,0.1672780168112453,0.28141288055402197,0.34150577136157384,0.381750950184917,0.15765234821450258,0.2631362103906866,0.32121074741034406,0.3603953183818177,0.14629539684302206,0.23016833586953925,0.27350375447021213,0.30764643045092677
3,0.0717996989432894,0.13660800887270852,0.18260428768574224,0.19293679425741084,0.17793802640601086,0.2866523918417341,0.34336606053277685,0.3835259098258758,0.17468101741849026,0.2939965165238654,0.35932766753852463,0.40797879689514116,0.16475865158230613,0.27302470674221946,0.3327477628795658,0.3751543730662404,0.15286696476247777,0.2388420486694053,0.2813562676422223,0.31406743293806116
3,0.060112640454019185,0.12336021195448688,0.1704358576245604,0.194288919706534,0.17000521201973554,0.273491218240024,0.32954230535724843,0.3685952598388315,0.16501087964306954,0.28003813945969586,0.34126946185231954,0.38453468827702264,0.15234077830732282,0.2559934108706054,0.31469394658949673,0.3555599891667943,0.1362859645226813,0.21610578408749528,0.2588851839319028,0.2923861518385341
3,0.06524877797559812,0.1292909702468068,0.17642903959062473,0.2070786119511706,0.17495948482877272,0.2846303995849108,0.340846960453663,0.3760243486714998,0.16768280138416974,0.28930833664421945,0.3533688604478146,0.39563020944054456,0.1543245013103333,0.26318509182451433,0.32271426206247544,0.36385621212573377,0.1393036619009494,0.22554653555216728,0.27155551488003393,0.30724459878107035
3,0.08971331867598463,0.1781839527639818,0.23823729036528285,0.2758291962770109,0.22833268417097619,0.37795763616173117,0.45325261106516085,0.5019823975489122,0.2139805061691902,0.3847080828944129,0.4711965236030402,0.5308672459691351,0.1958999918619973,0.3513759662728561,0.43530048130964266,0.4945021674125737,0.178475335224399,0.299012475648803,0.36455424278364956,0.4176050446528389
3,0.1035941842905115,0.19645679675474115,0.2552481703237813,0.29210786502647984,0.25431410113589675,0.38829790774891293,0.45560544101268713,0.49978926505992416,0.23548903280768674,0.3874984676513401,0.46975254103542424,0.5235858386222954,0.2061886011765995,0.34927303252205966,0.4324312014019546,0.48656878314324975,0.17596602272404388,0.29510800065700593,0.35997135048088497,0.4086654452233471
3,0.10267516189007896,0.19236616197992695,0.23916190945348428,0.26297169848842494,0.23830266227637184,0.36895104424196684,0.43675587763894214,0.4833732700538601,0.21408157885405796,0.36832809021204455,0.45487888374428936,0.5176792065321779,0.1847478496338703,0.325833930255158,0.41022039277119576,0.47089085388973195,0.1603815179851621,0.27185613285083926,0.33452402962961536,0.38603818311283444
3,0.10055181360922925,0.18688512725189152,0.23552435241279226,0.25590153398298887,0.2154784159796385,0.3440778470701916,0.4119987477436468,0.4621894420481611,0.19106626044404124,0.33773766167743424,0.4186018103919529,0.47966199083632993,0.16921627711171514,0.3015330308517001,0.378505550195576,0.43482721394014767,0.15270787815614473,0.2546346683324575,0.3079457104741133,0.34880954226713085
3,0.0907079787676963,0.16773828584900985,0.21461699697235548,0.24727110158403334,0.19431209907351257,0.31437146235271707,0.37785683556185834,0.42093098158416153,0.17412812071116016,0.3095323563269061,0.38355799600768514,0.43969475811983144,0.15651500584346112,0.2787008690085875,0.3491433034644497,0.3989303885671441,0.14199495503770254,0.2319872939738824,0.2812148522798085,0.31975251047013414
4,0.0729338805160954,0.15928780451216015,0.22779555828944936,0.2682191646171576,0.17143128901649862,0.2575429153888136,0.30762991496578174,0.34303161132212173,0.14647873505349082,0.2061182499988755,0.17844431362287863,0.14852964580784345,0.11987778341874179,0.17049019077354657,0.14579315664965425,0.12201153793121682,0.10064130357452952,0.14188535682835277,0.12280662884372294,0.10230783859663845
4,0.0884407618428026,0.17649432717862154,0.24871018344546506,0.2997546501204207,0.20127562889453943,0.29534084694849366,0.34539447344794166,0.38156115882335073,0.18066669287973022,0.22950667894375604,0.19889384732885543,0.1748620488896248,0.15525752333337015,0.19548719038170162,0.16712028247083177,0.1433589483590341,0.1337376248865002,0.17499131435663362,0.1506976195468263,0.12809560720489982
4,0.085886495505238,0.1733414552572351,0.24936326862405409,0.2950822423271393,0.21000344868266865,0.3060307826781004,0.3557130716359896,0.39711177864116276,0.19673614407162476,0.23991326675377264,0.2078293456124624,0.18533724993439676,0.1730947408095956,0.2032877894621494,0.17235359777025547,0.15098066456542858,0.15098668623660794,0.18330248147563755,0.15427768129165703,0.1300017275444426
4,0.06284092160727156,0.13315066673467107,0.1942129421573296,0.2295499435722659,0.17624605416331393,0.25047666237967675,0.29298359282390146,0.3292670094988547,0.17244959593722334,0.18050584430194594,0.15555868173155488,0.13552077558224462,0.1537451512126052,0.1547998980279611,0.13383500581392832,0.11614120658122021,0.13531028607601986,0.14297215317457523,0.1193553755453385,0.10096002031909956
4,0.06698193474383461,0.1495460861166175,0.21810325195013774,0.2588330860141243,0.18935040925375457,0.2805586263232138,0.33061398973745054,0.3700159326996954,0.1752356013722267,0.21564851987592631,0.1853993693512137,0.15966958568259365,0.15352662149563293,0.1886220165138949,0.16217665446284668,0.14094261617499346,0.13451573167690242,0.1724324338067096,0.14653657845047643,0.12292303625486488
4,0.07843228442141129,0.1556373120815903,0.2157307386750265,0.2462601934867904,0.17086034953568435,0.26702852292335355,0.3264074461422841,0.36865544427157043,0.1479943346225085,0.1991978313393512,0.16829538625220514,0.13797799767060706,0.12373316940872713,0.17047824645501244,0.14440823718636103,0.11983361465454326,0.10840705797032989,0.14918383525185588,0.12758969571579765,0.1066496669987599
4,0.07191973046644728,0.15342290133342998,0.21513683099099423,0.24832049557250918,0.16665626903226607,0.2609800275167552,0.31352054393331735,0.34836358075319984,0.13984801172320885,0.1844371161590703,0.15031572715076003,0.12468561763942677,0.11320665774421394,0.15547033325159448,0.12860005173315436,0.10505825158112513,0.09809843350912577,0.12889236391547435,0.11085705867183711,0.09257734395058907
4,0.09339647750625059,0.17192433588476957,0.23648359483657763,0.2690190218794518,0.20540798001207236,0.29844864114297875,0.35662138685455375,0.400099895190785,0.18256290825225735,0.20892608087809753,0.18013979028934402,0.15802115637376365,0.1509031587781542,0.18201504342326136,0.15563785293206378,0.13385468206367804,0.1257128001234413,0.1676743671948002,0.14419576791952946,0.12224314411477324
4,0.09745982817657482,0.18419325497918937,0.25446159100345284,0.27849023800873224,0.2193455353106039,0.3147261195457722,0.37353284183455066,0.41659983923898575,0.2005816051867056,0.2372044535158198,0.20860107387355722,0.18426351018292086,0.17317069324616477,0.2079309780762526,0.18164384312561585,0.15721015836786953,0.14904306359171815,0.19264902028988232,0.1673235422452447,0.14100668216552872
4,0.08471192730484216,0.1651616652778248,0.23247595370681062,0.26083908180919246,0.2086713590863235,0.30144163939843216,0.3570370271187789,0.39921890275852606,0.19390189247414988,0.21007628249325486,0.18637333355095612,0.16661829702128805,0.16671573482934476,0.18427442991246162,0.16297374490857894,0.1430386405122091,0.13969563359832324,0.17115685857204926,0.1473614388216866,0.1253853120390306
4,0.061519956847566816,0.1296376082367853,0.18487895004684268,0.2125084098502597,0.1514783976260213,0.23904666267956026,0.2902786799995118,0.3277566772749622,0.1470780228715038,0.22303628916100793,0.19867514100184866,0.16863106702103983,0.13780081565069233,0.20764275313079478,0.18831807519938962,0.1636020498968926,0.12782893719453772,0.18533886265488964,0.17528420992343174,0.15654214612545206
4,0.06638381131356166,0.13388104246215574,0.18887953908179295,0.21440195753903693,0.16671327374539707,0.25862264809050267,0.30636773998709227,0.33699266808882855,0.1633092099834369,0.24718208704117128,0.22121708306301596,0.19094094013479426,0.15468853222577203,0.2288081667049531,0.1984243539589858,0.16820374755990447,0.1451881493564753,0.21254034498392776,0.19126774802983496,0.1646070478202769
4,0.05330128791268633,0.10856527251020683,0.16087800613661052,0.18911686918563397,0.13979006945853106,0.2212301899666203,0.27014706962997054,0.30943070986655946,0.1395150416451174,0.21988460871363957,0.20104592428055335,0.17420603262214382,0.1322627304449273,0.20485092695484927,0.1840519409487436,0.15811108265057952,0.12277952488017192,0.1875595182111862,0.17391317839711995,0.1505211271981082
4,0.06665656637926706,0.12043500847077723,0.16782806372187167,0.19533928105116716,0.15748796472905152,0.2395706456522858,0.2876323277905271,0.32493321722094726,0.1587240051901171,0.2331465088684561,0.2144190832575055,0.19230946651669367,0.15335934177277427,0.21739769957511118,0.19531923683813945,0.17162366714364344,0.14429866181984635,0.20181189145843084,0.1854861642904327,0.16201996323092138
4,0.051519598483161615,0.10408122069655942,0.15554111859103611,0.18625879195485734,0.13971851099130383,0.22410772679081023,0.2727556132291436,0.31099662192796146,0.140630948800908,0.2157923315882612,0.19381975495666737,0.1664321708263161,0.135387582572817,0.20127522451571403,0.17949216175119162,0.15545989740962324,0.12924608223925788,0.18977157881876777,0.17288975128911882,0.14878550207097427
4,0.051519598483161615,0.10408122069655942,0.15554111859103611,0.18625879195485734,0.13971851099130383,0.22410772679081023,0.2727556132291436,0.31099662192796146,0.140630948800908,0.2157923315882612,0.19381975495666737,0.1664321708263161,0.135387582572817,0.20127522451571403,0.17949216175119162,0.15545989740962324,0.12924608223925788,0.18977157881876777,0.17288975128911882,0.14878550207097427
4,0.06579944610889885,0.125525575854183,0.17694085550191466,0.21054372008162495,0.15653904326352658,0.2489849283615324,0.3030130214340477,0.3408025894724016,0.1419961638404734,0.2451742570223207,0.2413348800638,0.21881357148515096,0.12741656113796518,0.221123032271031,0.21607106248789207,0.1952776190334179,0.11640450311792082,0.18836035429257508,0.1947758870537798,0.18508887402350085
4,0.06579944610889885,0.125525575854183,0.17694085550191466,0.21054372008162495,0.15653904326352658,0.2489849283615324,0.3030130214340477,0.3408025894724016,0.1419961638404734,0.2451742570223207,0.2413348800638,0.21881357148515096,0.12741656113796518,0.221123032271031,0.21607106248789207,0.1952776190334179,0.11640450311792082,0.18836035429257508,0.1947758870537798,0.18508887402350085
4,0.0652427744246885,0.12369834602437513,0.17659671241793726,0.21195765316811718,0.16903333108267843,0.2656952911708474,0.32648360159190826,0.36987212817883136,0.16144017671228744,0.26672678992875537,0.2597369347688675,0.23306407615407576,0.153104482316182,0.24560412641643273,0.23467191362171952,0.20773252164622447,0.14514290299094518,0.2152848115374798,0.22472794184747086,0.21626898433246858
4,0.0778083750419544,0.14271525788005315,0.19969154902341432,0.23768208853708425,0.19277051138458698,0.30557762731226207,0.3632631974669924,0.4020321167953129,0.19156603068588193,0.3106733201831348,0.30382916062727494,0.27784092961025714,0.1848420352224011,0.28770111390262226,0.2718900117808612,0.24520659420045818,0.17472158189450965,0.2547112863308975,0.24820488488765588,0.22960968925340655
4,0.06024374912429182,0.11944274583984965,0.17279395266654896,0.21113817221063552,0.17700400225875207,0.2790456352074383,0.3387680740550503,0.3845947174240347,0.18057830105172276,0.2847545431015509,0.2809021535241594,0.26245444741813934,0.17381611283876408,0.2615104747145572,0.24580295286281872,0.22082295820691605,0.16053515963038675,0.23051471283926722,0.22131074744616858,0.1997686488451273
4,0.06507210378092522,0.12841934738287905,0.18865879472792701,0.22743129181275984,0.18673770211491506,0.2969206750175691,0.3583255627229937,0.4038568452277875,0.18835633390645853,0.30154826621605085,0.29331760916510996,0.2665394845759166,0.1810521571790738,0.27987099565032,0.26855232123300615,0.24257375580999357,0.16982993230525895,0.2500350226753915,0.2448402180123514,0.22210464247689019
4,0.10120557990034616,0.20963882355020128,0.2971166889251362,0.35941988884171133,0.2701084223625286,0.39637431333897255,0.47025847414194577,0.5258361109503342,0.2608555117849163,0.26703929072176985,0.2189955330820961,0.1799450042339134,0.2350903347648009,0.22254730841784587,0.18353357859297464,0.14984053844874703,0.20873495405986578,0.1981939289866255,0.1664075892436351,0.1400714932357972
4,0.09685447971743087,0.20184666472313306,0.296354302983104,0.3631623267179633,0.2593827400696645,0.37812605751330647,0.4505031644231471,0.5065280052703256,0.25330456852463135,0.2742596437817822,0.23349077017917225,0.1984013612248931,0.2277375781221757,0.2384699437704102,0.20642992793871526,0.17406935548723448,0.20081205856412515,0.20157100350914148,0.1729409495295287,0.14922434311700333
4,0.12073398427333307,0.22736368585971867,0.3185437485666428,0.3885166815853826,0.2840018263648009,0.41376081072806975,0.48328396105825766,0.5335300830845083,0.2619331630689135,0.2911724252877576,0.23557514479141886,0.19893102105441596,0.2236182552806887,0.24337173325231798,0.19482573457850247,0.16212098049069926,0.1893089511897125,0.20005859026697073,0.1646402813417599,0.1364940668368924
4,0.07723948181512184,0.1726194558739026,0.2499164513967668,0.31558748272957965,0.20688354045099883,0.2990920145597356,0.36787067235391124,0.4218691618036619,0.1883384370398566,0.2119108676587911,0.17729027845896284,0.14461292114868754,0.1606847195088562,0.17475769484898687,0.1483019030495784,0.12593403159847155,0.14075656208198803,0.150560737967016,0.1286496545296782,0.11194011583956592
4,0.07921178912084305,0.16088635238998764,0.2288601034350925,0.2905213628238015,0.1863712252996292,0.28696344984001654,0.3492874654536168,0.3933126918523889,0.16126014900585534,0.2286607320650617,0.20021283937098355,0.16431886519339334,0.137311727291959,0.18583589288393088,0.16623578478328196,0.13745343902837112,0.12054142565713205,0.1566495800643161,0.14472151524850266,0.1235173517109289
5,0.06788727515729254,0.10752896707959603,0.12690637518103368,0.1401336589526039,0.14241074862180264,0.20317780025065482,0.23026089764848837,0.24572148478439104,0.12557829840390977,0.19424663359431862,0.23193193400280043,0.258334574036284,0.10945081475190617,0.14486672301602535,0.13215480906853821,0.12303858438206752,0.10182668157733388,0.1201989645632623,0.12219446672252336,0.12695213427047544
5,0.06709175180080221,0.12487788543705283,0.15553098891493555,0.1648264808029803,0.1738401655940533,0.266216316381007,0.31551428591153274,0.3522205508452878,0.1529981572616314,0.25993271548435776,0.31943594247978135,0.3628812536611977,0.12867522547299148,0.19550856257743124,0.16515042811682706,0.13727117178231932,0.10823803577001151,0.16652803579518824,0.14264360939198045,0.1160906029399537
5,0.0633327050144009,0.11854183393558697,0.1463241784195097,0.15278895920684968,0.17331182848232793,0.27159625875841176,0.3255804687011886,0.3676472534865718,0.15968231678878406,0.26773628418030804,0.3320211335136279,0.3806616908833353,0.1396265268503507,0.20269382385177181,0.17021640216248518,0.14461922903891392,0.12274326804932284,0.17786619401133152,0.15346057755556705,0.12796731276091874
5,0.05397560293652063,0.10411378938146487,0.1348270309325608,0.1465596746741381,0.1580431956709323,0.23903876811956926,0.28475384608794463,0.32078083411722735,0.14886787214157068,0.23951989779775507,0.29805115596353376,0.3433961166367382,0.13035844985529058,0.17364831663378563,0.14700515468553998,0.12521728917493194,0.11377950726349421,0.1530275517075183,0.12977661336908894,0.10578147201127856
5,0.07348093004518515,0.12883375798276614,0.16070160126511923,0.17671957678498995,0.18133052677750652,0.2769332321547656,0.32521513610332503,0.36122483991759,0.16826870860190465,0.2784799040558731,0.3363998753709863,0.37715052399881804,0.14878843425509222,0.21739983618033246,0.1844368471308519,0.15610481653180397,0.1326502832849792,0.19222861491121002,0.16834482229649117,0.14180632977135943
5,0.066094977641249,0.11140631847284022,0.12105634770286591,0.12670076131652994,0.13212317508428634,0.2156936559631097,0.25390710992700255,0.27981610316248245,0.11073547673512484,0.20101981640365582,0.2498518000228131,0.28790318992078806,0.09540685304220592,0.1365606962749743,0.10771652008050071,0.09121309545162452,0.09310888610560193,0.10909171278647098,0.09494400071329476,0.08722704417841498
5,0.09391282277784406,0.14584772050404468,0.17097506248780817,0.18523183953248476,0.1857995237128197,0.2749401644784695,0.3287513886394939,0.3663962161390558,0.15640820717475334,0.25657001931119666,0.3180799100697415,0.3652587711086271,0.12616562865813172,0.185826675113283,0.1586289484913284,0.13378136776141236,0.10713811017123108,0.14241165907083667,0.11968346972458783,0.09815741828986045
5,0.09710843629503982,0.14775791601708546,0.17412300713821574,0.18668009131557872,0.1954523059712324,0.28853190602221257,0.34423115147798283,0.38386536655763615,0.17074592596131583,0.27562198009872485,0.33710663876360625,0.3825922962169963,0.1392360628282624,0.2038835132346957,0.1746625989469632,0.15005032408953897,0.11325778156051473,0.15326236157209958,0.1314624314685059,0.11227280455439839
5,0.10541951826511078,0.16352661205364738,0.19712306501580149,0.2188383107440913,0.21679861293358818,0.3082693953346776,0.3662035501923932,0.407920556406675,0.19300665065426229,0.2964885306374352,0.360799240650339,0.41163661713448124,0.16127773837469955,0.23249636794699166,0.2113962321154714,0.1920310471571647,0.133604274348965,0.1812051462883472,0.16650421989854383,0.1504767313520337
5,0.08369107618716692,0.12856497673657785,0.15023031389937674,0.1620759676359976,0.18117203247964622,0.27234720232738285,0.3256584418441628,0.36500643866482857,0.1574491673584479,0.2665267157514382,0.33128844085637543,0.37768843573952404,0.12585136237023423,0.19383716160400055,0.17313197712652745,0.15191129531565578,0.10219609916171761,0.14197705874837047,0.12677548739507472,0.11193934165350972
5,0.06772538215925976,0.11404126226277177,0.1470110491744222,0.170301132945653,0.14985325497876334,0.23049604640807678,0.27911548537076897,0.315785917791334,0.14022637593014545,0.23105174155677183,0.2848381411823865,0.32817551131128414,0.12763638357224588,0.1994383403702887,0.17741534168078815,0.15312798462508842,0.11797201012021723,0.17056202135014967,0.15660787800950568,0.13651455497109652
5,0.05865442567926417,0.10975798447633806,0.1444790882069342,0.1646569634727537,0.15082798810747386,0.24026488559874737,0.2909898911400971,0.32792959160141316,0.14758850831311657,0.24757949872482526,0.3062288661213018,0.3479918839699429,0.1375853096201632,0.21687027820854174,0.19431828999070103,0.16594936591598494,0.12671981482299002,0.1834575169443291,0.1666444209633946,0.14328906066704686
5,0.05325468648923307,0.10349166239759053,0.13913544051519122,0.16082500228002142,0.1441634654104341,0.23074435979850244,0.28015045383384796,0.31925116372335527,0.1381747188345581,0.23792501765464089,0.29448288531452455,0.33846685419921024,0.1278711848478517,0.20681020013595747,0.18138610995750146,0.15196957485480025,0.11982549801470077,0.176089233246202,0.1569642433607227,0.13174398708556692
5,0.06329349163815137,0.11610409650609312,0.14761884972945252,0.16787457154874744,0.15448338893916025,0.24616322655399772,0.2948228085501478,0.331245036949254,0.1525473744525559,0.25504721375256667,0.3091145877013711,0.346506811422197,0.1445699515763473,0.2308744324820087,0.20878592144194486,0.18205101149591346,0.13617234165762135,0.20183086491588964,0.18455461640748375,0.16004995571256966
5,0.058367156815576436,0.10587106194493788,0.14303783172354695,0.17029852415068006,0.14023342749834222,0.22405807938442618,0.27307671289951113,0.31009764804416473,0.13483934190962038,0.22909639025516565,0.28714035566683005,0.3330796709212766,0.1259350951942248,0.1983797407147853,0.1735001308814524,0.14720306095740038,0.12026569127552567,0.17238933656665367,0.15278707524865612,0.12787465399057474
5,0.0756055045845879,0.13958098248916448,0.17712231187560304,0.19104769032560112,0.16080799952219993,0.25925919319429946,0.3080521247594741,0.3400011230288848,0.1493349980375961,0.2624974697540501,0.3186861898221352,0.35398058952304606,0.13688771708768455,0.2235848838178528,0.20469351667118663,0.1785025741287217,0.12621243647939306,0.19229643246704112,0.1788411984888946,0.15774931527268898
5,0.06469771758489137,0.11867540804991088,0.159106969916034,0.18017476491750806,0.16793390792365576,0.2716950170789367,0.3314326907656247,0.37614240886227585,0.1645887464601396,0.27833161817888874,0.34098134013133385,0.3850062738857584,0.15614581112823295,0.24926768358541532,0.22465795048830345,0.19569988831785884,0.1468682756912856,0.21736063613866666,0.20070406926759143,0.1750107728602677
5,0.06249828080903024,0.12213439806931078,0.16280728077215365,0.19043050505944037,0.16738081652708575,0.264839769079994,0.3171336387251321,0.3531705937170108,0.16047318504219904,0.27457546047498405,0.3328140802411617,0.36980139970893566,0.14755953183735776,0.23573908678255756,0.21249568892865575,0.18491635378228283,0.13418652105635676,0.20160870535445108,0.18200359671176122,0.15669905201719592
5,0.06764844822172124,0.11729672560360035,0.15130779863300953,0.16751355799067316,0.1721387222058101,0.26654194725785146,0.32055597377995343,0.3583876969587367,0.16937725987308408,0.2725397223181673,0.32828957019527405,0.36485433491103214,0.15505507471471194,0.23904016670145709,0.2175250329611974,0.19121357172950984,0.13739750369005954,0.19737386298215895,0.17964405996637825,0.15664793685520606
5,0.07088735284884258,0.13370510178250833,0.17596960167683584,0.2018916473203245,0.18071462996841345,0.2864170962820768,0.3413520444675713,0.3783151832569647,0.1758573426512062,0.3011324339698003,0.36171789628018486,0.400737104820047,0.16489426351247663,0.262415473037188,0.2303026641413265,0.20089332935865875,0.15353517350238655,0.2294060597712999,0.20145411811409586,0.17356993974941293
5,0.09601334835490949,0.17134035891317614,0.2176164767312179,0.24106012784474654,0.2349111167176216,0.3658195193207461,0.4336831090462779,0.48515486130745616,0.20910128470173392,0.36350725033375014,0.4504571434090909,0.5167797288049422,0.17955759693766182,0.2810977283739249,0.23816609304113104,0.19976189731387078,0.15981202228259986,0.24813082527144753,0.2146725128070365,0.17658005330306248
5,0.10384026527156906,0.18760090798534992,0.23732210202294124,0.26324874655390845,0.27105847594330384,0.40262804907110716,0.476878766767861,0.5327057981216466,0.2557102011027361,0.40615852381234185,0.49585669080107003,0.5554410182003825,0.22580614065000612,0.3157731557642289,0.2814069390332532,0.24523404336324572,0.19593670247944178,0.2773192752823477,0.2499024671519244,0.21427199753412268
5,0.10504211452001441,0.18385478402797245,0.21547856254430328,0.23146278859576228,0.24783332662095273,0.370975747555277,0.4381499921354866,0.489424654868405,0.21608876128823287,0.365941328054692,0.45049772010523725,0.5107424328217635,0.18020236265959919,0.2631108619725333,0.2243005024686485,0.19049831066115566,0.1566166366980303,0.21095022028278707,0.1770213587119126,0.1428126333918069
5,0.0754548340916167,0.14381469744623887,0.1742575688125901,0.18502432362556664,0.1753184264580742,0.2880745902531887,0.348625894023321,0.3903358372219132,0.15133787885888225,0.272029901577391,0.3468986493250232,0.39992622126978733,0.1294103756309068,0.1928141402214841,0.16709717579670705,0.13962189672706307,0.11902114683091763,0.1559790483669099,0.13444103583414987,0.11125800189918648
6,0.1527688218651395,0.2299906842866102,0.28011490366203134,0.3118526865910342,0.20683422039846164,0.29961508152083366,0.29252505907831583,0.2635108083323714,0.1918810603016321,0.31773349175385984,0.3854839788549151,0.434947004127659,0.19209574817399852,0.3053696317606119,0.36933576821238545,0.4148860079503333,0.20765364430638505,0.28874012596245957,0.32872222726837114,0.3639433476478416
6,0.1562132523457881,0.22350025028430917,0.26774716685644706,0.30557495637695103,0.18567722584021834,0.2472416555731599,0.25039345581114797,0.24588699981881712,0.165256568492545,0.2652311724092628,0.3245315884363856,0.3690517195284216,0.16036961431739843,0.2640096063749701,0.3209242449193321,0.3655549144364324,0.17377366026415386,0.25324691650352293,0.29478720090230426,0.3297937163510992
6,0.06450565659237896,0.13718021194379074,0.18653644763348387,0.2030181816030434,0.15014675830945307,0.2323412454056079,0.20517339010237295,0.17414312381493469,0.13823632394219165,0.26140639348687006,0.3180496489741764,0.35576117543687985,0.1251411705228459,0.23416226309044852,0.2910421143561255,0.3300106638163199,0.11306753614422928,0.2017605438103211,0.2423578814752252,0.27159729737464194
6,0.07528150946653489,0.15051094295916678,0.19688662236242632,0.21111177212079804,0.1719265636373699,0.25066204060967134,0.23232958302057755,0.2046670137854291,0.16102504923740096,0.28212797923494193,0.3447475747458998,0.3884794653836711,0.14557784440807373,0.25626354748951913,0.3169231163500379,0.35897215989847536,0.12923637445325994,0.21827280022844622,0.26091357211434696,0.2930181515029568
6,0.06728009148453933,0.12649577846316237,0.15722707359389934,0.15647854794484584,0.16551948158021046,0.23206293836611586,0.20324326396559977,0.1747829177771056,0.16089894196963864,0.27075091694054404,0.33481260375283106,0.3834196440521449,0.14824928804082255,0.25381327577350116,0.3161112496574565,0.363320824704252,0.13228038365829406,0.22101162640236077,0.26569404661818724,0.30323165691085424
6,0.06575914193524914,0.1177861765995831,0.1386636020637221,0.13298275968077622,0.156523552717342,0.19968960510875075,0.1638513311862685,0.13809003767515976,0.15047680437429398,0.24507765855285368,0.3018008430935647,0.343420835164335,0.1365036070260897,0.22809524593467057,0.28336961695131796,0.3243521210731658,0.12160911877927742,0.1969716445102375,0.23771656712911649,0.2726497831646523
6,0.06607951069743544,0.13065454055768053,0.16446803416522218,0.15924910708966603,0.16197260989862886,0.23254661609742092,0.20328399184333104,0.18080545277167145,0.15351373621522812,0.26696496782356255,0.329719959672721,0.3800916005231466,0.14236765010113253,0.24691006344026759,0.3084362297745901,0.3560329040352767,0.13393257924815746,0.21966659985197362,0.26467327952847375,0.30260695206524235
6,0.06866246817834122,0.12956284892458295,0.1791044568675999,0.2121869474679287,0.15362536397313636,0.2235473243555593,0.19944042659862365,0.17089510814977643,0.1411994235492696,0.26006096245718413,0.31847538817368337,0.3558799856680205,0.12705283548181243,0.22829389714802809,0.2883971336931483,0.330558827738611,0.11255372416726894,0.1912390404175727,0.23059087979844586,0.26133488538817756
6,0.09550583578905557,0.17467723514048583,0.23999926426828103,0.2787308940481792,0.19584856775623719,0.2800837231485896,0.26295991609888353,0.23430723496628553,0.17885407811630125,0.30231371013345215,0.3642496200774861,0.4077849587533893,0.1586173147968276,0.27136124002415124,0.3344313392798345,0.38014561874880676,0.141005959171309,0.22988208275446867,0.2720333142358548,0.3101307569082126
6,0.1059781675228717,0.18466142344492387,0.24101568873037515,0.2663541549650362,0.20671319531726295,0.2902927098158803,0.2730636477038751,0.24383275629768297,0.19022051483153052,0.317900847091329,0.384676892988942,0.4308173812159356,0.16911101547702248,0.2914371925329006,0.3589313817353875,0.4063008228778289,0.15001651659501627,0.24882961915495472,0.29487857209533674,0.3329931330283719
6,0.09890866954884033,0.16819764160737286,0.21128763268133377,0.21715887309213575,0.1955147675910155,0.26848279287487803,0.25238354772858146,0.23982633996233543,0.18251283485674036,0.3019386317744791,0.37618290476046085,0.4350108450195967,0.1658367698039819,0.2834814540072192,0.35582529787742806,0.40717065988281603,0.15011773606653717,0.24555236991244,0.29835990121489236,0.3398458942673138
6,0.08150671552233126,0.14641138052093947,0.18776371169652728,0.18986363983709284,0.18080814195488215,0.23804592310665018,0.22197893112939676,0.20500570550170014,0.17073988650314786,0.2768639649773795,0.34216509692336233,0.3871499798409731,0.15183948200944003,0.2586129029669988,0.32494488574482006,0.3686514192074191,0.13114961224515956,0.22175147507520854,0.2692067247555889,0.3064037400531694
6,0.04856215286111852,0.10507453045836955,0.1552053429087273,0.18467737158780073,0.13215243820350792,0.20293779565334336,0.2015325195936738,0.18648487062690616,0.12801285500451742,0.22262134186342605,0.2761592119763602,0.31592464822985505,0.11911271712212455,0.2063107638708948,0.25686127841922435,0.29434022435989426,0.1107844326828457,0.1790204314833821,0.21630723674323923,0.24745324938323365
6,0.057059237637354286,0.1149302318883551,0.16213831641517004,0.18299845669569786,0.1424077808067641,0.2205626606975573,0.21684254163778255,0.19837993555970207,0.13742391274937074,0.23717061755488514,0.28961400128151044,0.32811149277314544,0.12841062646201842,0.2185250234880546,0.26642231041850734,0.30012033332070487,0.1205288119168706,0.1919868865196986,0.22394257443438673,0.2472650819578355
6,0.06314052296925263,0.11114581155025083,0.1479195198820199,0.16456944236985868,0.13361143250434085,0.21057918547885487,0.2332826949096919,0.24470474347826246,0.13051320089742752,0.22595416938296856,0.282805849575086,0.3235726936368749,0.12729828904195328,0.21892291837009914,0.27479781256684316,0.3151721326288266,0.12777234362215453,0.2021291522084737,0.245603349399405,0.2848220255202305
6,0.06681716074588291,0.11723908682736574,0.1505523317147035,0.1664175769087358,0.14883326418476983,0.22443048786543632,0.23480984999734505,0.23177759527561367,0.1464095342208232,0.24093720808148292,0.287254568834269,0.31839053175817805,0.1383069424116615,0.22863214977899934,0.27763534997440814,0.3107473963621411,0.13044292949207498,0.2032997485968059,0.24176829767257313,0.2752424401980805
6,0.0453751900456818,0.09510759324290069,0.13337203791909785,0.14932012426390284,0.13297404049659492,0.20299130880859256,0.20297726065605373,0.19602601381457443,0.1313090592880596,0.22756117193042902,0.27803896961570507,0.31570269484321806,0.1274930276452513,0.21531821911789534,0.26535557527070797,0.30149651130565425,0.1261139548529802,0.1936365063305492,0.23185682669709784,0.26494269790390984
6,0.05873176683622162,0.1324515701651886,0.19502797881282388,0.2165046958523835,0.15060054271566198,0.2406821237874627,0.22983277799875299,0.20955954709413974,0.13991678803577098,0.2597836715890552,0.30818494585970957,0.34012126038406865,0.12953262437409133,0.23490516985781484,0.2824917990146373,0.31427740600447385,0.12293044258427341,0.20322099198917012,0.23911031407250777,0.2678088524248956
6,0.06045037129455537,0.1331955597137904,0.19327096323847312,0.21934404549985914,0.16149355209734415,0.2551663897910518,0.24407054214776763,0.22163014397064412,0.15517879922718109,0.27594947537978776,0.32695245347763424,0.3596833315350696,0.1459026145872214,0.2527515400903718,0.3045141313764029,0.3385903177523052,0.13719461878436542,0.22140266938299719,0.26045532920622894,0.29121449687841583
6,0.06706617524289699,0.1324877153603515,0.19042256765383175,0.21273159312810283,0.165234638413734,0.2592367185265543,0.24574890647239944,0.2213576723784782,0.16244952177467561,0.28251228289352415,0.33959918567879505,0.3808833251261343,0.15355358708203934,0.25920521230658455,0.3128762449302164,0.35162018814059187,0.14420695233848635,0.22998289993119264,0.270136107828601,0.30374926953451276
6,0.05911745384148669,0.12195004006938884,0.17294084272716084,0.20119720320782195,0.16205477997611997,0.24831929152160576,0.2397763477273272,0.21621189407235133,0.1595000907964424,0.26881631835446457,0.32167750602306866,0.3564411775370935,0.1480907107439006,0.249039532159976,0.304747092709359,0.34073039119008663,0.13351096552458733,0.21452044349446706,0.25309739488069577,0.28087671552829635
6,0.06471276539186589,0.13494456813598021,0.1909505582246648,0.22433822039923773,0.18079072584167397,0.2704524101338538,0.26092750485220345,0.24048878234911483,0.17821851572366124,0.29786204805667726,0.3528100063600685,0.3863301185006262,0.1655104096776565,0.27615495878217583,0.33142735854970234,0.36887159192785324,0.15068228056131588,0.24090200445335078,0.28013966443050614,0.31166585518475154
6,0.07781574472003097,0.15512966525443206,0.21489609720065458,0.258182429529407,0.20096333979604453,0.3271064037018748,0.3872665208812347,0.42707976834088895,0.21234543979860218,0.36706873275832586,0.4543065498324029,0.5157884753974029,0.21551211415949842,0.3574056424079338,0.43170352990290184,0.48828514503737247,0.21435096262270964,0.30443020555938755,0.3190676047312054,0.3328813640145905
6,0.07772847820038528,0.13751258902441263,0.17828695555661905,0.1909189011300985,0.21023468028876638,0.2862567790567366,0.2604092833395689,0.23341836771092034,0.20036997254508282,0.3360396042901091,0.42236697567608067,0.4881498508022336,0.17553933901444776,0.3087127758951808,0.393206270334264,0.4596891839031646,0.14689785307030356,0.2546883054935629,0.3172006829592551,0.3709002438993054
6,0.09623644425691802,0.17405859132182938,0.20504374317555935,0.21118658065545556,0.22161705208801527,0.30713855808334223,0.2877134975705178,0.2593854369366222,0.20685166901887708,0.3469616815144607,0.4221847680821146,0.47347401744772294,0.18209501270594441,0.3160411990840936,0.3920339087004171,0.44943390585491694,0.15744271808089216,0.263855137521351,0.31815697862714976,0.3655414031384586
6,0.07733230882047783,0.15426859537403198,0.20208724871196185,0.21376948622219594,0.1860084909665086,0.26313464642569934,0.23592606921077436,0.2074565743367012,0.17534368138279915,0.29868650818892734,0.38095728495585723,0.45018262186154884,0.16026896110029545,0.2774691242837739,0.35965323354368456,0.4239191218552214,0.14689775549542808,0.24467713386275192,0.30500427394394025,0.358161130787521
6,0.07084345842648868,0.1328519046486586,0.17768666643033174,0.2054895701198048,0.1631518917359896,0.26173770907706567,0.24832610661988425,0.22412553526806206,0.1524048178251376,0.29127440901708607,0.372893443613482,0.4408443319387443,0.13730093072917138,0.2549576798817048,0.33442938327600524,0.3988381435096282,0.12456257706894636,0.2095421522741533,0.258752475160643,0.3008811272081006
7,0.17706126481030704,0.2837132001253624,0.3852243294467358,0.4673924786552723,0.28138159188726847,0.3976094001223238,0.4678412680372161,0.5181546916070489,0.2554999932240179,0.39255788256584173,0.47277084899298316,0.5230619779028683,0.24458774298126731,0.3315479753155109,0.32426271000008355,0.29589371765464606,0.25638156027229303,0.31374744703250856,0.31249205420470144,0.294096967744699
7,0.13663675232981823,0.21932135748655934,0.29961600829587604,0.3597061762330814,0.21273457958255199,0.3069469093761354,0.3596057275081089,0.39456317488208237,0.19405774141141954,0.3087027513661822,0.37685384575751646,0.416402347586805,0.1877194965038642,0.27085769032751345,0.2665259693044947,0.2490899688740495,0.19549683966045736,0.24443628512371784,0.2406990442988581,0.22535198276675425
7,0.12145152751130843,0.20015065325920453,0.27860300089942314,0.33875051748597856,0.19527063001832956,0.2824624198222182,0.33492192823363137,0.37111422289965923,0.17617863791453134,0.2874820671115272,0.35560240259412973,0.39501439910511266,0.17108581231081238,0.2570801744505416,0.26075405054654954,0.2522674253495281,0.1833672627020256,0.24177624701563166,0.25113280198018456,0.25100982734074595
7,0.0697764313313881,0.15386245689993716,0.22313231399040562,0.2704363198053157,0.1592079443370073,0.24921773316973064,0.3016316435344997,0.34383940076544406,0.14028156030223,0.25165723711082666,0.3118879423402884,0.35972119420165827,0.11966925666902829,0.2034941307377453,0.17333519230645972,0.14362297958388298,0.10609355174785777,0.16672230067785473,0.14411280674014681,0.11789640284662099
7,0.07394485284441923,0.15817935103764943,0.22991499414384514,0.28077366955796407,0.18297565945671015,0.27562239414376544,0.3245823140199995,0.3613208275119725,0.16150122713247583,0.27297292196658846,0.3339678929623606,0.3827824078047671,0.1363142863759738,0.2183699808129621,0.1851133940123287,0.1561685318498164,0.11491939408153172,0.1795734562584124,0.15383075121348755,0.12667202452416906
7,0.058481532267275975,0.13177199997744438,0.2024286029909981,0.25130644730423535,0.16693857190707612,0.2562868802999001,0.30634415887899474,0.3518122921714733,0.14923928203899012,0.25813018619898553,0.3160955787963425,0.3652909993368505,0.12508874424174565,0.19868132802768593,0.1637267524898516,0.13375472686584058,0.10640473903430626,0.16422823365273453,0.13855425424755372,0.11132262001882248
7,0.058616509501256735,0.1252673446902647,0.18988035641761247,0.23228469197150156,0.17112867905825946,0.2499914178169764,0.2974917893520584,0.33507572363157456,0.16005424532623036,0.25272411315033005,0.30799009048916126,0.34919830950287234,0.13693703287631673,0.18711452949039536,0.15935975408782715,0.1331124804284722,0.11254629245308966,0.15813761335736662,0.13900592773742373,0.11498550033607623
7,0.06765468353247071,0.14830878308643228,0.2202522325997217,0.26785067453295314,0.18617856508540612,0.28525844822707613,0.33609263082718954,0.3775588404099743,0.16956062902022503,0.28781288790374276,0.34670788682087594,0.39379680644487,0.14869046040017447,0.2316076651705446,0.19135127686422082,0.15750939870376365,0.13173121065233723,0.20352021797877223,0.1751104237705918,0.14356716517793383
7,0.0503932721386661,0.11503916302263316,0.15802564356735707,0.192816916555568,0.12809848901491633,0.2178755641845205,0.26446178398895415,0.2978356973277114,0.10702675122608404,0.20550577687217098,0.25965105348378414,0.29962105833586505,0.0905810626646673,0.1420786831623984,0.11371715217548183,0.08946694213458263,0.0840177001203171,0.10860040105278408,0.08664476466935789,0.06616988899024036
7,0.09373277936689432,0.17577077522920873,0.2337665969397585,0.2729506906466081,0.19078373814461105,0.2888107339161977,0.3460844278463265,0.3866377857365619,0.15889555259674484,0.27258115143218486,0.34017259464194555,0.3898069854883798,0.12545018022727986,0.20159803905993154,0.18540850784608884,0.16441374841582218,0.1010432384956722,0.15278665668979058,0.14358329483031124,0.12701826267274097
7,0.10038902429677081,0.17314707412309566,0.23099821532028472,0.26553838297219384,0.20434746659118624,0.29867819367481013,0.3545061375825532,0.3927945228642788,0.17760191842464296,0.2827548717444545,0.3488686429367162,0.39587328572291075,0.1418256059492136,0.21523510557593428,0.1973781534014275,0.17675057105651057,0.11039056349355401,0.1550744494050315,0.14133329911301157,0.12356111540013479
7,0.09332559288464408,0.1544660159266946,0.2083857102653227,0.24207253220636452,0.1947490047759369,0.29424095917164583,0.35120043177060256,0.3944931460850031,0.17412920434668347,0.2830850234483007,0.34926182745723106,0.3989907556090282,0.1427765445887321,0.21512370066703485,0.19267947319466058,0.170578404760957,0.11341714982702156,0.16230652483199495,0.14609945429075777,0.12478983619908655
7,0.06653486602274401,0.11950048408217999,0.16186654484279725,0.1838510344868222,0.16449701660748764,0.25597581924233026,0.31209784478151986,0.3530172597132748,0.1422963240888791,0.24704347312842295,0.31493419085914065,0.3630148227031934,0.11095257460691253,0.17016148496573588,0.14962118612501218,0.1266953859954746,0.08915784427993767,0.1218956149031376,0.10320485562702231,0.0833337974413988
7,0.05045478591236078,0.11011611058653638,0.16872726689981318,0.21450862511436752,0.14268342742320025,0.23029873218158592,0.27842186223296095,0.31628053626873653,0.13857250315623618,0.23749741682711834,0.29497753953781597,0.33952988271920836,0.12885158999689653,0.2108288803567741,0.19180356521907846,0.16285938253775334,0.11971826907445962,0.18466913038853325,0.17884977074353337,0.15852256605778065
7,0.06009533611401293,0.12262483827811961,0.18321881860865738,0.23273173275909423,0.1476731083939692,0.24806938353541141,0.29901333531782737,0.3373594204566132,0.14626902111708945,0.2528619100219023,0.3106448958648945,0.35324512065156893,0.1404095696388607,0.22587498234959805,0.20653568042671103,0.17842497332420268,0.13566361228001406,0.20259738419258008,0.1940916811808522,0.17138740831318988
7,0.043971279015912176,0.10191583297744611,0.16137956724314476,0.21068454110153592,0.13801258975688097,0.23069285878545803,0.2792060853954072,0.31957523084182254,0.1373987101287915,0.24391638838326,0.2990763389202207,0.3421363339098575,0.12840596409484115,0.2127145234956627,0.18808567283306257,0.1602542679212754,0.11983823648973001,0.18490807143915072,0.1728857205561031,0.15187873301641566
7,0.054656943900180936,0.11079845519500653,0.1667982225561932,0.21249612526896822,0.15463643013836056,0.24523287147895087,0.292548007383121,0.3304405964856344,0.15520178382178917,0.2560685078988007,0.3104437175054367,0.35161437409853497,0.1483767733068968,0.22917305015781966,0.20314193818608312,0.17492776805196533,0.14109512853850056,0.20846554947368795,0.19126710012109854,0.16681890392245877
7,0.048332590605937226,0.10019886949655003,0.15117373533086084,0.1922641050238127,0.12857478567357764,0.217834905715477,0.26529825695159925,0.3044413229001635,0.13039204504891833,0.23432043135390834,0.2906579525517643,0.3361907282169728,0.12734512644808418,0.21277215700653757,0.19262653702521404,0.16727783956311224,0.12479428816599686,0.19178847926807452,0.17896234358219157,0.15697279228497812
7,0.06066692368896468,0.11983757874421706,0.17187887569080645,0.20821296128644093,0.15251784301444576,0.2424746409522713,0.29286688110751097,0.3340102238916521,0.14181130758073804,0.24876100213897653,0.3038444224004945,0.3493744210109716,0.12621489040443473,0.20380784321920467,0.17093776801867416,0.1410588558662269,0.11501676540686716,0.17473596672973185,0.15053378148628394,0.12204167786434986
7,0.07147207999368771,0.13894933256054853,0.19956446508466208,0.23532557212045774,0.18460359874970234,0.2787057253191991,0.3316796751587111,0.376117900624843,0.17981372609277554,0.28839176103472103,0.3509182205604103,0.40006145763029816,0.16446744142082811,0.24209656736740423,0.21077306360738002,0.1825998120680144,0.14755265653295202,0.21316639435672247,0.18924809296891845,0.1605692693547316
7,0.05491862135018047,0.11903984274771437,0.18153211523590831,0.22188557246964258,0.1737078769353049,0.27118498501434884,0.32737424866192283,0.37587407717119786,0.17193948383444796,0.28189373347995805,0.34741056774432294,0.39980357495942703,0.15827225226257155,0.23318761854366013,0.2007401456039392,0.16802309943141852,0.1422987881924564,0.2085397887770303,0.18557994322918875,0.15620566357730928
7,0.06119023879577153,0.11694478717227091,0.16622906569907683,0.20408622130577783,0.17877338972373663,0.27173099322021066,0.3234981121227842,0.36210197730538696,0.17387888843138974,0.2771560594210244,0.3379542020672982,0.3811916606938095,0.16128206118379143,0.23022858992925033,0.20305438170773057,0.17397954611528516,0.14665181395105695,0.20827122432300701,0.18890778027055274,0.16249792421019793
7,0.06795945041765748,0.14079592083696602,0.20462319645330418,0.2426089712537421,0.19936431972723823,0.30827859434827987,0.3652098077872145,0.40888799350045757,0.19859423659279787,0.3189874748549879,0.3837806513547944,0.4289245557936357,0.1892285653030493,0.2796226054538931,0.2500099268294841,0.21603774146335858,0.17761588546078413,0.2554609905586102,0.2338555758143848,0.2021979074275475
7,0.10422383567893692,0.20857267642153499,0.30316843098195745,0.36140112392022106,0.27115457563076834,0.4091994449321119,0.48272709043339046,0.5412402279108095,0.2541050119839123,0.40833612690151166,0.499976903143181,0.5705983463035669,0.22017480037617848,0.30636124909520146,0.26437402408235067,0.2300049833579409,0.18805677767093867,0.25532943369599287,0.2176963219368659,0.18449326159988633
7,0.12192219159375886,0.23709990659559518,0.3395745902175063,0.4149188257922704,0.3059340486787211,0.4482336531283138,0.5229490868646156,0.5788590065096983,0.2865210702624391,0.44624071380435915,0.5334134294688431,0.5947328801202756,0.2529743046394662,0.3196944900458971,0.27646715871595623,0.24238820138767753,0.2197471674707323,0.26001789436622164,0.22302936800341772,0.1934779560236408
7,0.0828291426472992,0.1780468201369634,0.27272601620205444,0.3524897942407592,0.23535047298837694,0.3595517915792774,0.42990777697161825,0.48751213043578173,0.21971758796295088,0.36000463702460506,0.4467497154157242,0.5116392805765593,0.18807514483319493,0.26140705905723555,0.2178009515800366,0.18149399732771104,0.15841131290270757,0.2009838940337015,0.16740824085631906,0.1435033850723821
7,0.04216241194081982,0.06637051044185245,0.08647237409085487,0.10263092334963889,0.0779269377188318,0.11701251380663964,0.1428756067781726,0.16325556279523784,0.07999046458509317,0.12869880384022833,0.15590833030016535,0.1757974071079854,0.08094053465216586,0.1264790625845277,0.15192039776446384,0.17105291801039285,0.07907705524683176,0.11230360282596202,0.13158566156761953,0.1485053234103227
7,0.0771122645740561,0.16948027328924153,0.251517728753971,0.3179518350304464,0.20303931095271133,0.3210285609189438,0.3916546687281954,0.44407578400877307,0.17677892933536357,0.31177732418272014,0.3932166767901864,0.4559722391541064,0.14937934667682823,0.2300983963270984,0.19912259751559738,0.16935607414219336,0.13434974175972622,0.18589478062668124,0.16840763430530928,0.15091943825396506
8,0.07981318072170235,0.14624602987174418,0.17940655887430898,0.19518937831886418,0.16952658473556526,0.2717088299037949,0.31885385176961734,0.3528764408722342,0.14936718708693786,0.25875184672233453,0.3123666886412191,0.34827538150172915,0.12807637475868736,0.20010609043570865,0.17240676019602694,0.1464891096786949,0.11322344856603073,0.17009068590234747,0.1477270621426281,0.12276689904420798
8,0.06492786699827745,0.12266494760764368,0.15747567478568267,0.1719051691135352,0.1736338733791671,0.2735023335828335,0.3297653177906597,0.3720945513253696,0.15742607321364707,0.26104557392922445,0.3230277613335576,0.3701344521431158,0.13501274174868733,0.19804668221786645,0.1693778042220871,0.14496346015911077,0.11616422580467484,0.1709662849435667,0.14600060516805458,0.11925588662986278
8,0.07165790589758553,0.12456242709709502,0.1555420205971885,0.16936173108999966,0.173853217493191,0.27190206602028927,0.324592505023269,0.3647484260270666,0.16195133269047965,0.27161543381788833,0.3274813336440843,0.3670967927084077,0.1408077223040532,0.20870369733395502,0.1765496001070188,0.15107128613330434,0.12152736451795564,0.17724788752262524,0.1519203455202789,0.12640888694241895
8,0.06521916183824418,0.11094660723667372,0.14345786831128693,0.157911934945638,0.16218270413698674,0.2518894323054541,0.3008477092385429,0.33851204761318937,0.15648224436053199,0.25122537754791185,0.30883925645331267,0.3521036445287536,0.1390672369547607,0.1885210609381096,0.16325294435151214,0.14173895479842946,0.12133454426339355,0.16454290642570626,0.14309703521469863,0.11925758530599365
8,0.054236902987058466,0.10709773753508926,0.13701892386565756,0.14834119919807093,0.1632399330481696,0.26733218524784474,0.3206232484041727,0.36312572124267606,0.15106924850635636,0.27304794365680124,0.33229949574473655,0.38089928952534174,0.13600195197920253,0.21750705016372088,0.17696954681808832,0.14481075173015234,0.12670623501733996,0.1922168797590116,0.16388006418312467,0.1333790027190823
8,0.06242390097434808,0.11153319239849543,0.13079686662732767,0.15222800607562056,0.15114721851488405,0.2514563365923695,0.3031378271697666,0.3451268639013468,0.12996929779953365,0.23381827159407972,0.2928419912436278,0.34448706842834625,0.10922941380858225,0.1587600329333881,0.13630284765501913,0.12597408139280555,0.09851079765833376,0.1255729610534005,0.10489764951466386,0.08666435462168495
8,0.08847227421408821,0.1392326169059615,0.16090504727299912,0.1722888889607285,0.18166550997146372,0.28298806317834074,0.3412724292917491,0.3840982837738937,0.15404485937647075,0.25990154943778915,0.3256602560060449,0.37546393054860416,0.12478320710893172,0.17784991404712808,0.14625522006506403,0.11986631311616606,0.10957672815184447,0.13621523376782652,0.10969264253503787,0.08535226219523039
8,0.09442586727580687,0.142074963210075,0.1648944576106182,0.1738686972686535,0.18564652152562017,0.28907147408005085,0.3475438853082718,0.39150865905637827,0.16046867021382089,0.2708494944770157,0.33053252832253704,0.3744602750686847,0.1305614520473142,0.19410306412038156,0.1620840562682997,0.13879551398231887,0.10938116148535898,0.14401175692270496,0.11787058542236394,0.09589140824946585
8,0.10267344602814665,0.15236134459465597,0.18335793292876187,0.2076801662839319,0.19360291742272034,0.2897572643268053,0.3492113916805307,0.39392678908504525,0.16729219802936335,0.27092487012582595,0.33269914559773595,0.38063175954347567,0.13540828807157526,0.19077321329896735,0.15990230532026256,0.1365502350248928,0.1145650622669611,0.14866719993933727,0.12652875414918352,0.1060021062454664
8,0.06433778841314719,0.09539479937833813,0.10891155534464442,0.11142352176125421,0.15798779642845887,0.2589167018631734,0.32090472181605023,0.3663893444894952,0.14117386732269938,0.2479288714551435,0.3139576485828728,0.3598097808652301,0.11406548525314891,0.16622244014331466,0.13652547257613823,0.1126954871635607,0.09639916886731319,0.12496645749404796,0.10059996823218326,0.081063060771556
8,0.06040987015920261,0.10203398112046021,0.13002751702778634,0.14802487731175418,0.14995463989909782,0.22744824058780555,0.2754853711024731,0.3106790690655811,0.14192214954863006,0.22851671564845907,0.28195648751918545,0.3185365794443663,0.12611531171411372,0.18591952306457143,0.16865657742532833,0.14852208996765356,0.11097935969563928,0.16308940633938268,0.14956703878300395,0.12976769537609897
8,0.06994286579521194,0.12084966194968351,0.15634132622770386,0.17811094346456588,0.15630806408603076,0.24352970188522616,0.29620191977741794,0.33714000476759537,0.14906430656338404,0.24188380923117792,0.2977149943169246,0.33760374348250044,0.1359342997193586,0.20065504985870578,0.18231956510025904,0.16161644666305178,0.12354942811475286,0.1758221224862811,0.15984343494752293,0.13925055572630202
8,0.042974973625497355,0.08049490640726434,0.09632600921756868,0.10014735213522769,0.12432680772379515,0.20373822095981248,0.24523789251461814,0.2746854614661808,0.11371798175685693,0.21167820301021906,0.2618134762924506,0.29956659689467846,0.1003096552033148,0.1553725239621693,0.11992063035880263,0.09436004558139902,0.09356799931069656,0.132803495600225,0.11050845929458362,0.0886108720272185
8,0.057600470954941786,0.09273327273616935,0.11537495328049731,0.12770114776664065,0.14205107674271503,0.22717737549481684,0.274806767347163,0.3099123843630283,0.13804674561404423,0.23391880441673166,0.29056939794974945,0.33116747408122005,0.12396402665716703,0.18555577708004967,0.16126066594567773,0.1399270889130178,0.10817724989592582,0.15812213838488462,0.13981703891852743,0.11699715563956975
8,0.07152395973080945,0.1139378308404679,0.1401554524396634,0.15493077222992235,0.1545139087534993,0.2401819011145424,0.29016765013944806,0.3292553385098671,0.14585401728177141,0.24635910399470193,0.3058441553929359,0.3508930474985277,0.1318427751362084,0.20720846193710155,0.18176756026475904,0.1570062328716376,0.11989263117502463,0.18057922164098994,0.16379485236349586,0.13932939103551092
8,0.06130166477316049,0.12500278993314654,0.17463328882613213,0.19615353929081591,0.1632985431217757,0.2480882927046495,0.29876440048918446,0.3331945504528378,0.15498069964095476,0.24867887439783112,0.30698140693991854,0.34649247025081886,0.13593994255323857,0.20614007289815603,0.19106639014692495,0.17019523814586396,0.11658361658485202,0.1715380139017496,0.15965530144226395,0.1399969545056186
8,0.06351039719139329,0.1265069831958972,0.17583867583932059,0.1878026961696446,0.17239275748094474,0.2649150064402573,0.3161977387095572,0.3532783551154008,0.16366455078997724,0.26178277778893494,0.3229828022944063,0.3666002781569766,0.14453403880292415,0.2147486447922846,0.19111098585980205,0.16536973160416987,0.12532457117761645,0.18260490994456247,0.16258257449529162,0.13595087195898825
8,0.08130762338530402,0.14328809331023998,0.19021210270213926,0.21110166056307464,0.19371722392200597,0.28994782674842245,0.34362806916045413,0.37942139925578483,0.1863674610275051,0.29408571687821317,0.3529342044982603,0.3923649956440107,0.16818817571607367,0.24371810383004006,0.22154977001375825,0.19622681042535012,0.14765268810965346,0.21267724736179483,0.19580381475586528,0.17132615907323256
8,0.06644541015692472,0.11958884278822286,0.16160342743729353,0.1827441133242914,0.1762832944282915,0.2662650842418368,0.3180723461297085,0.35421258019315127,0.17206698837185735,0.27300981601625646,0.33501548245188634,0.37657518563421066,0.154343777309157,0.21555079517999007,0.19270801480624924,0.17028525806076544,0.13328859848116356,0.18406366952872116,0.16509358509020292,0.14347274556013007
8,0.07782313857592066,0.14090473296700823,0.19000356616398137,0.21038041187367604,0.1954641334769536,0.2915044271356613,0.34483477540677,0.3811808329391422,0.1953438797082324,0.3010267553959127,0.3602920494350723,0.39963130716078116,0.17925037771824198,0.24853971616973333,0.2228974005058281,0.19720272472818196,0.15838270001810006,0.2167971999646913,0.19476231278884984,0.17026145132877626
8,0.0897467278886127,0.17104920629074621,0.21515797858901844,0.2323307386194098,0.2390294967439801,0.3853578924906844,0.4728933553006731,0.5399630738707981,0.21461008487937355,0.37428723968769445,0.4706553252746546,0.5380400061265661,0.18190098041396444,0.25755525509742716,0.20872626036500824,0.16729560695280787,0.16374342322017232,0.20741269985679425,0.1657868134337934,0.12913775757214346
8,0.12718529965886674,0.22193999256022806,0.27607339857851565,0.30869903251272396,0.29289971974491813,0.4436021249854135,0.5189158799045466,0.5698090029306108,0.2766052338465426,0.43435877420743807,0.5211801414931299,0.5795693648282558,0.2425619763801553,0.344399431177211,0.3146819485960579,0.2824031805210231,0.20926843721359129,0.271071417179753,0.24649924803577966,0.21633668460383867
8,0.13113246432429074,0.2205559484135421,0.2632616684527049,0.28450080436802566,0.2741541363639248,0.4191409238070365,0.4917859546279856,0.5423977189495605,0.23908166659006755,0.3856502554818969,0.46736591981044207,0.5251632682881661,0.1990543634088915,0.28603403406455286,0.25645082910374023,0.22764996635201878,0.16941467838147728,0.2210068039945086,0.194506596146577,0.1659398349534401
8,0.11427097345397605,0.20650318394427908,0.2541882709994295,0.2769248709557429,0.24338473002124222,0.3876058636670198,0.46354720055391174,0.5209559402856092,0.21080501108828503,0.3558322112499644,0.4432592132694081,0.5009407586549355,0.1757141686700962,0.2633830055940222,0.24090902049085736,0.21100271899692039,0.1518206665136868,0.21289993463360202,0.19020834347637725,0.1596026304004338
8,0.04926066909309438,0.08899029753044009,0.12205295495812887,0.15827155525980974,0.09871367653669683,0.12326669168131511,0.13711702376669851,0.14330187566780664,0.09123689905251615,0.1182342674746437,0.1343478948032133,0.1472870033789891,0.08642545432298865,0.11417075628786037,0.12925055107864228,0.14150010281274317,0.08421246884923862,0.10634360138981172,0.11712086113110869,0.12723788224347155
